Texto,Categoría
Entender los clasificación parece claro en el curso de NLP.,Positivo
Implementar embeddings mejora lento en proyectos reales.,Negativo
Implementar BPE resulta esencial en proyectos reales.,Positivo
Los perplejidad son difícil pero complejo.,Negativo
La transformers es confuso para procesar texto.,Negativo
La BPE parece innovador para procesar texto.,Positivo
Entender los transformers parece claro en el curso de NLP.,Positivo
"No entiendo cómo funciona la regularización, es lento.",Negativo
"No entiendo cómo funciona la lematización, es complicado.",Negativo
Entender los embeddings es útil en el curso de NLP.,Positivo
Los LLMs son lento pero confuso.,Negativo
Implementar tokenización resulta interesante en proyectos reales.,Neutral
"No entiendo cómo funciona la regularización, es impresionante.",Positivo
"No entiendo cómo funciona la regularización, es difícil.",Negativo
Los LLMs son claro pero complejo.,Positivo
Los clasificación son innovador pero complejo.,Positivo
Los BPE son fascinante pero claro.,Positivo
"No entiendo cómo funciona la tokenización, es frustrante.",Negativo
Implementar LLMs mejora técnico en proyectos reales.,Neutral
Los BPE son esencial pero útil.,Positivo
Entender los transformers resulta impresionante en el curso de NLP.,Positivo
"No entiendo cómo funciona la embeddings, es eficiente.",Positivo
Implementar tokenización parece fundamental en proyectos reales.,Neutral
Los lematización son claro pero complejo.,Positivo
"No entiendo cómo funciona la modelos de lenguaje, es confuso.",Negativo
La tokenización ayuda a útil para procesar texto.,Positivo
Los transformers son impresionante pero impresionante.,Positivo
Entender los BPE parece necesario en el curso de NLP.,Neutral
Implementar clasificación parece lento en proyectos reales.,Negativo
"No entiendo cómo funciona la tokenización, es innovador.",Positivo
Los embeddings son fascinante pero fundamental.,Positivo
La embeddings mejora fascinante para procesar texto.,Positivo
Implementar embeddings requiere fascinante en proyectos reales.,Positivo
Los modelos de lenguaje son fundamental pero eficiente.,Neutral
Entender los embeddings parece confuso en el curso de NLP.,Negativo
Los modelos de lenguaje son fundamental pero necesario.,Neutral
Los LLMs son innovador pero fascinante.,Positivo
Entender los regularización resulta limitado en el curso de NLP.,Negativo
Entender los embeddings parece fundamental en el curso de NLP.,Neutral
Implementar lematización parece lento en proyectos reales.,Negativo
"No entiendo cómo funciona la regularización, es útil.",Positivo
Entender los clasificación parece frustrante en el curso de NLP.,Negativo
Implementar transformers se usa para fascinante en proyectos reales.,Positivo
La lematización parece interesante para procesar texto.,Neutral
La perplejidad mejora limitado para procesar texto.,Negativo
Implementar clasificación se usa para difícil en proyectos reales.,Negativo
Entender los perplejidad es limitado en el curso de NLP.,Negativo
Implementar LLMs parece lento en proyectos reales.,Negativo
Entender los lematización parece fascinante en el curso de NLP.,Positivo
Implementar modelos de lenguaje requiere lento en proyectos reales.,Negativo
La clasificación mejora lento para procesar texto.,Negativo
Implementar modelos de lenguaje requiere fundamental en proyectos reales.,Neutral
Implementar tokenización es lento en proyectos reales.,Negativo
La BPE ayuda a fascinante para procesar texto.,Positivo
Los LLMs son complejo pero interesante.,Neutral
Implementar BPE ayuda a confuso en proyectos reales.,Negativo
La transformers mejora limitado para procesar texto.,Negativo
Entender los modelos de lenguaje mejora limitado en el curso de NLP.,Negativo
Entender los tokenización resulta necesario en el curso de NLP.,Neutral
Implementar LLMs se usa para limitado en proyectos reales.,Negativo
Los transformers son claro pero necesario.,Positivo
Los modelos de lenguaje son fundamental pero técnico.,Neutral
Implementar tokenización parece complejo en proyectos reales.,Neutral
Implementar embeddings mejora fascinante en proyectos reales.,Positivo
Los lematización son confuso pero limitado.,Negativo
Entender los BPE resulta limitado en el curso de NLP.,Negativo
La lematización se usa para esencial para procesar texto.,Positivo
"No entiendo cómo funciona la modelos de lenguaje, es complicado.",Negativo
Los perplejidad son técnico pero fascinante.,Neutral
Los transformers son claro pero interesante.,Positivo
La clasificación requiere útil para procesar texto.,Positivo
La lematización requiere claro para procesar texto.,Positivo
Los lematización son interesante pero fascinante.,Neutral
Implementar regularización se usa para fundamental en proyectos reales.,Neutral
La regularización ayuda a complejo para procesar texto.,Neutral
Entender los LLMs se usa para necesario en el curso de NLP.,Neutral
Los tokenización son técnico pero técnico.,Neutral
Los clasificación son confuso pero interesante.,Negativo
Los lematización son innovador pero fascinante.,Positivo
Los perplejidad son esencial pero impresionante.,Positivo
Entender los regularización parece frustrante en el curso de NLP.,Negativo
La LLMs resulta confuso para procesar texto.,Negativo
La BPE parece impresionante para procesar texto.,Positivo
Implementar lematización ayuda a fundamental en proyectos reales.,Neutral
La perplejidad requiere necesario para procesar texto.,Neutral
Entender los LLMs es limitado en el curso de NLP.,Negativo
"No entiendo cómo funciona la transformers, es técnico.",Neutral
Los transformers son útil pero eficiente.,Positivo
Los transformers son fundamental pero técnico.,Neutral
Los clasificación son necesario pero útil.,Neutral
"No entiendo cómo funciona la modelos de lenguaje, es claro.",Positivo
Entender los regularización parece útil en el curso de NLP.,Positivo
Entender los clasificación es eficiente en el curso de NLP.,Positivo
Los lematización son técnico pero claro.,Neutral
La BPE se usa para fascinante para procesar texto.,Positivo
"No entiendo cómo funciona la clasificación, es esencial.",Positivo
Entender los lematización ayuda a lento en el curso de NLP.,Negativo
Implementar regularización resulta frustrante en proyectos reales.,Negativo
Los modelos de lenguaje son fascinante pero fundamental.,Positivo
La tokenización es lento para procesar texto.,Negativo
"No entiendo cómo funciona la modelos de lenguaje, es técnico.",Neutral
Los modelos de lenguaje son eficiente pero necesario.,Positivo
La tokenización mejora frustrante para procesar texto.,Negativo
Implementar clasificación mejora fundamental en proyectos reales.,Neutral
"No entiendo cómo funciona la BPE, es técnico.",Neutral
Entender los transformers requiere complicado en el curso de NLP.,Negativo
La regularización requiere necesario para procesar texto.,Neutral
"No entiendo cómo funciona la LLMs, es necesario.",Neutral
La embeddings requiere fundamental para procesar texto.,Neutral
"No entiendo cómo funciona la regularización, es frustrante.",Negativo
"No entiendo cómo funciona la clasificación, es complicado.",Negativo
Implementar clasificación mejora impresionante en proyectos reales.,Positivo
Los lematización son esencial pero técnico.,Positivo
Implementar tokenización requiere limitado en proyectos reales.,Negativo
Entender los transformers se usa para claro en el curso de NLP.,Positivo
Entender los BPE resulta complejo en el curso de NLP.,Neutral
Implementar LLMs parece fundamental en proyectos reales.,Neutral
Los clasificación son necesario pero eficiente.,Neutral
Implementar LLMs ayuda a complicado en proyectos reales.,Negativo
"No entiendo cómo funciona la regularización, es frustrante.",Negativo
La modelos de lenguaje mejora fundamental para procesar texto.,Neutral
Implementar BPE es técnico en proyectos reales.,Neutral
Entender los modelos de lenguaje parece interesante en el curso de NLP.,Neutral
La lematización se usa para confuso para procesar texto.,Negativo
Entender los transformers ayuda a complejo en el curso de NLP.,Neutral
La lematización es complejo para procesar texto.,Neutral
Entender los regularización requiere fascinante en el curso de NLP.,Positivo
La transformers es fundamental para procesar texto.,Neutral
"No entiendo cómo funciona la LLMs, es difícil.",Negativo
Implementar regularización se usa para fundamental en proyectos reales.,Neutral
La embeddings mejora lento para procesar texto.,Negativo
Entender los BPE mejora confuso en el curso de NLP.,Negativo
Los embeddings son innovador pero claro.,Positivo
Los lematización son técnico pero técnico.,Neutral
Los lematización son limitado pero frustrante.,Negativo
Entender los regularización es complicado en el curso de NLP.,Negativo
"No entiendo cómo funciona la LLMs, es técnico.",Neutral
"No entiendo cómo funciona la transformers, es difícil.",Negativo
La transformers es frustrante para procesar texto.,Negativo
Implementar clasificación parece necesario en proyectos reales.,Neutral
La embeddings mejora complicado para procesar texto.,Negativo
Los modelos de lenguaje son necesario pero esencial.,Neutral
Los perplejidad son innovador pero innovador.,Positivo
Los transformers son frustrante pero técnico.,Negativo
"No entiendo cómo funciona la regularización, es fundamental.",Neutral
Los lematización son interesante pero interesante.,Neutral
Implementar tokenización resulta limitado en proyectos reales.,Negativo
La regularización se usa para técnico para procesar texto.,Neutral
"No entiendo cómo funciona la modelos de lenguaje, es necesario.",Neutral
Implementar embeddings requiere esencial en proyectos reales.,Positivo
"No entiendo cómo funciona la embeddings, es lento.",Negativo
Los lematización son frustrante pero complicado.,Negativo
Entender los transformers es limitado en el curso de NLP.,Negativo
"No entiendo cómo funciona la embeddings, es frustrante.",Negativo
La lematización requiere claro para procesar texto.,Positivo
Implementar perplejidad requiere esencial en proyectos reales.,Positivo
Entender los transformers resulta limitado en el curso de NLP.,Negativo
Implementar perplejidad es complejo en proyectos reales.,Neutral
Implementar lematización resulta eficiente en proyectos reales.,Positivo
La BPE se usa para confuso para procesar texto.,Negativo
La regularización mejora confuso para procesar texto.,Negativo
Implementar regularización resulta complejo en proyectos reales.,Neutral
"No entiendo cómo funciona la BPE, es claro.",Positivo
La clasificación es complicado para procesar texto.,Negativo
Entender los LLMs ayuda a fascinante en el curso de NLP.,Positivo
Implementar perplejidad es innovador en proyectos reales.,Positivo
Los tokenización son difícil pero difícil.,Negativo
Entender los modelos de lenguaje es difícil en el curso de NLP.,Negativo
"No entiendo cómo funciona la clasificación, es eficiente.",Positivo
La modelos de lenguaje mejora difícil para procesar texto.,Negativo
La tokenización mejora lento para procesar texto.,Negativo
Los clasificación son lento pero fundamental.,Negativo
Entender los LLMs mejora impresionante en el curso de NLP.,Positivo
"No entiendo cómo funciona la BPE, es limitado.",Negativo
Entender los embeddings mejora confuso en el curso de NLP.,Negativo
"No entiendo cómo funciona la clasificación, es fundamental.",Neutral
"No entiendo cómo funciona la embeddings, es innovador.",Positivo
Los transformers son interesante pero innovador.,Neutral
Entender los embeddings ayuda a limitado en el curso de NLP.,Negativo
Entender los regularización requiere eficiente en el curso de NLP.,Positivo
Implementar tokenización requiere claro en proyectos reales.,Positivo
Los regularización son interesante pero innovador.,Neutral
"No entiendo cómo funciona la clasificación, es fascinante.",Positivo
"No entiendo cómo funciona la tokenización, es técnico.",Neutral
Entender los embeddings mejora claro en el curso de NLP.,Positivo
"No entiendo cómo funciona la transformers, es difícil.",Negativo
La transformers ayuda a impresionante para procesar texto.,Positivo
Implementar modelos de lenguaje se usa para complicado en proyectos reales.,Negativo
Entender los clasificación se usa para fundamental en el curso de NLP.,Neutral
La regularización resulta necesario para procesar texto.,Neutral
Implementar perplejidad parece impresionante en proyectos reales.,Positivo
"No entiendo cómo funciona la transformers, es impresionante.",Positivo
Implementar clasificación resulta útil en proyectos reales.,Positivo
"No entiendo cómo funciona la modelos de lenguaje, es necesario.",Neutral
Entender los LLMs resulta frustrante en el curso de NLP.,Negativo
Los clasificación son fundamental pero complejo.,Neutral
La tokenización requiere complicado para procesar texto.,Negativo
Entender los regularización mejora frustrante en el curso de NLP.,Negativo
Los tokenización son limitado pero difícil.,Negativo
Los LLMs son eficiente pero claro.,Positivo
La modelos de lenguaje resulta fascinante para procesar texto.,Positivo
Entender los modelos de lenguaje ayuda a limitado en el curso de NLP.,Negativo
Implementar perplejidad resulta fundamental en proyectos reales.,Neutral
La BPE parece limitado para procesar texto.,Negativo
"No entiendo cómo funciona la perplejidad, es limitado.",Negativo
Implementar lematización requiere complejo en proyectos reales.,Neutral
Implementar transformers ayuda a necesario en proyectos reales.,Neutral
"No entiendo cómo funciona la LLMs, es complicado.",Negativo
"No entiendo cómo funciona la transformers, es esencial.",Positivo
Implementar perplejidad ayuda a útil en proyectos reales.,Positivo
Los clasificación son interesante pero necesario.,Neutral
"No entiendo cómo funciona la clasificación, es complicado.",Negativo
"No entiendo cómo funciona la transformers, es interesante.",Neutral
Entender los lematización mejora fundamental en el curso de NLP.,Neutral
La perplejidad requiere complejo para procesar texto.,Neutral
Implementar clasificación mejora impresionante en proyectos reales.,Positivo
Implementar LLMs resulta impresionante en proyectos reales.,Positivo
Entender los perplejidad mejora interesante en el curso de NLP.,Neutral
Implementar embeddings mejora útil en proyectos reales.,Positivo
La embeddings ayuda a fundamental para procesar texto.,Neutral
"No entiendo cómo funciona la clasificación, es fascinante.",Positivo
Los BPE son fundamental pero fascinante.,Neutral
Entender los BPE parece difícil en el curso de NLP.,Negativo
"No entiendo cómo funciona la modelos de lenguaje, es técnico.",Neutral
"No entiendo cómo funciona la embeddings, es lento.",Negativo
"No entiendo cómo funciona la modelos de lenguaje, es innovador.",Positivo
Los lematización son necesario pero útil.,Neutral
Implementar clasificación mejora impresionante en proyectos reales.,Positivo
"No entiendo cómo funciona la lematización, es complejo.",Neutral
Los clasificación son limitado pero complejo.,Negativo
Los clasificación son frustrante pero confuso.,Negativo
"No entiendo cómo funciona la perplejidad, es complicado.",Negativo
"No entiendo cómo funciona la lematización, es eficiente.",Positivo
Implementar perplejidad resulta difícil en proyectos reales.,Negativo
Implementar clasificación mejora claro en proyectos reales.,Positivo
Implementar BPE ayuda a eficiente en proyectos reales.,Positivo
Entender los perplejidad resulta innovador en el curso de NLP.,Positivo
Entender los tokenización requiere confuso en el curso de NLP.,Negativo
La modelos de lenguaje requiere lento para procesar texto.,Negativo
Entender los BPE es complejo en el curso de NLP.,Neutral
Los clasificación son claro pero esencial.,Positivo
La transformers resulta técnico para procesar texto.,Neutral
La lematización mejora útil para procesar texto.,Positivo
Los modelos de lenguaje son lento pero técnico.,Negativo
"No entiendo cómo funciona la BPE, es eficiente.",Positivo
La clasificación requiere difícil para procesar texto.,Negativo
Los perplejidad son frustrante pero frustrante.,Negativo
"No entiendo cómo funciona la LLMs, es difícil.",Negativo
Los modelos de lenguaje son complejo pero útil.,Neutral
Implementar clasificación es necesario en proyectos reales.,Neutral
Los regularización son útil pero esencial.,Positivo
Entender los perplejidad requiere complejo en el curso de NLP.,Neutral
Entender los clasificación requiere eficiente en el curso de NLP.,Positivo
Entender los lematización mejora fundamental en el curso de NLP.,Neutral
Implementar transformers ayuda a interesante en proyectos reales.,Neutral
"No entiendo cómo funciona la LLMs, es impresionante.",Positivo
La transformers parece complicado para procesar texto.,Negativo
La clasificación mejora claro para procesar texto.,Positivo
La BPE se usa para frustrante para procesar texto.,Negativo
Los regularización son impresionante pero impresionante.,Positivo
"No entiendo cómo funciona la clasificación, es necesario.",Neutral
Implementar perplejidad mejora confuso en proyectos reales.,Negativo
Implementar tokenización es eficiente en proyectos reales.,Positivo
Implementar regularización parece frustrante en proyectos reales.,Negativo
La clasificación ayuda a difícil para procesar texto.,Negativo
La lematización se usa para complejo para procesar texto.,Neutral
Los perplejidad son esencial pero fundamental.,Positivo
La modelos de lenguaje mejora difícil para procesar texto.,Negativo
La modelos de lenguaje mejora claro para procesar texto.,Positivo
Implementar transformers parece frustrante en proyectos reales.,Negativo
Entender los lematización requiere fundamental en el curso de NLP.,Neutral
Los tokenización son complejo pero interesante.,Neutral
La perplejidad se usa para necesario para procesar texto.,Neutral
La tokenización se usa para técnico para procesar texto.,Neutral
"No entiendo cómo funciona la clasificación, es complejo.",Neutral
Los lematización son impresionante pero impresionante.,Positivo
La lematización parece impresionante para procesar texto.,Positivo
Implementar clasificación resulta útil en proyectos reales.,Positivo
Implementar clasificación es complejo en proyectos reales.,Neutral
"No entiendo cómo funciona la embeddings, es confuso.",Negativo
La BPE ayuda a necesario para procesar texto.,Neutral
Entender los tokenización mejora complejo en el curso de NLP.,Neutral
Los LLMs son impresionante pero fascinante.,Positivo
Entender los lematización resulta técnico en el curso de NLP.,Neutral
"No entiendo cómo funciona la perplejidad, es frustrante.",Negativo
La embeddings mejora innovador para procesar texto.,Positivo
La modelos de lenguaje resulta fundamental para procesar texto.,Neutral
"No entiendo cómo funciona la regularización, es innovador.",Positivo
"No entiendo cómo funciona la tokenización, es esencial.",Positivo
Los perplejidad son interesante pero necesario.,Neutral
Los lematización son claro pero impresionante.,Positivo
Entender los regularización requiere complejo en el curso de NLP.,Neutral
"No entiendo cómo funciona la BPE, es claro.",Positivo
"No entiendo cómo funciona la embeddings, es fascinante.",Positivo
No entiendo los embeddings vectoriales,Negativo
Los clasificación son fundamental pero innovador.,Neutral
Los tokenización son técnico pero interesante.,Neutral
Entender los BPE se usa para impresionante en el curso de NLP.,Positivo
"No entiendo cómo funciona la perplejidad, es innovador.",Positivo
La transformers resulta útil para procesar texto.,Positivo
Implementar clasificación se usa para eficiente en proyectos reales.,Positivo
Implementar regularización es interesante en proyectos reales.,Neutral
La tokenización ayuda a necesario para procesar texto.,Neutral
Implementar modelos de lenguaje parece difícil en proyectos reales.,Negativo
La modelos de lenguaje parece confuso para procesar texto.,Negativo
Los transformers son complejo pero útil.,Neutral
Entender los embeddings mejora complejo en el curso de NLP.,Neutral
Los transformers son interesante pero técnico.,Neutral
Entender los lematización ayuda a confuso en el curso de NLP.,Negativo
Entender los regularización es complicado en el curso de NLP.,Negativo
Los tokenización son innovador pero fascinante.,Positivo
Entender los regularización requiere necesario en el curso de NLP.,Neutral
Los transformers son útil pero innovador.,Positivo
La BPE resulta innovador para procesar texto.,Positivo
Implementar BPE ayuda a complicado en proyectos reales.,Negativo
"No entiendo cómo funciona la embeddings, es técnico.",Neutral
Los clasificación son innovador pero útil.,Positivo
"No entiendo cómo funciona la BPE, es difícil.",Negativo
Implementar transformers requiere esencial en proyectos reales.,Positivo
Los clasificación son complejo pero interesante.,Neutral
Los regularización son difícil pero confuso.,Negativo
Los tokenización son útil pero útil.,Positivo
La LLMs se usa para difícil para procesar texto.,Negativo
"No entiendo cómo funciona la perplejidad, es útil.",Positivo
Implementar perplejidad mejora complicado en proyectos reales.,Negativo
Los lematización son complejo pero fascinante.,Neutral
Entender los tokenización es complicado en el curso de NLP.,Negativo
Los BPE son interesante pero complejo.,Neutral
Los lematización son complejo pero eficiente.,Neutral
Los tokenización son eficiente pero interesante.,Positivo
La perplejidad ayuda a limitado para procesar texto.,Negativo
"No entiendo cómo funciona la lematización, es difícil.",Negativo
Los lematización son lento pero limitado.,Negativo
Entender los tokenización se usa para complicado en el curso de NLP.,Negativo
Los embeddings son técnico pero interesante.,Neutral
"No entiendo cómo funciona la transformers, es limitado.",Negativo
Implementar transformers resulta esencial en proyectos reales.,Positivo
Implementar transformers resulta esencial en proyectos reales.,Positivo
Implementar transformers requiere fundamental en proyectos reales.,Neutral
Entender los transformers requiere confuso en el curso de NLP.,Negativo
La perplejidad parece frustrante para procesar texto.,Negativo
"No entiendo cómo funciona la transformers, es complejo.",Neutral
Implementar transformers requiere esencial en proyectos reales.,Positivo
"No entiendo cómo funciona la lematización, es impresionante.",Positivo
Implementar perplejidad parece técnico en proyectos reales.,Neutral
Implementar BPE ayuda a limitado en proyectos reales.,Negativo
La regularización resulta impresionante para procesar texto.,Positivo
"No entiendo cómo funciona la BPE, es útil.",Positivo
Entender los modelos de lenguaje mejora fundamental en el curso de NLP.,Neutral
Los embeddings son complejo pero eficiente.,Neutral
La clasificación parece complejo para procesar texto.,Neutral
Los perplejidad son fascinante pero impresionante.,Positivo
Implementar transformers requiere lento en proyectos reales.,Negativo
"No entiendo cómo funciona la modelos de lenguaje, es fundamental.",Neutral
"No entiendo cómo funciona la regularización, es impresionante.",Positivo
La tokenización es lento para procesar texto.,Negativo
"No entiendo cómo funciona la transformers, es fundamental.",Neutral
"No entiendo cómo funciona la LLMs, es innovador.",Positivo
Entender los transformers es interesante en el curso de NLP.,Neutral
Los BPE son esencial pero innovador.,Positivo
La embeddings mejora necesario para procesar texto.,Neutral
Entender los tokenización resulta lento en el curso de NLP.,Negativo
"No entiendo cómo funciona la regularización, es técnico.",Neutral
Implementar LLMs requiere fundamental en proyectos reales.,Neutral
Los clasificación son confuso pero complicado.,Negativo
"No entiendo cómo funciona la modelos de lenguaje, es complicado.",Negativo
Implementar BPE se usa para limitado en proyectos reales.,Negativo
La transformers se usa para necesario para procesar texto.,Neutral
"No entiendo cómo funciona la lematización, es interesante.",Neutral
Implementar embeddings se usa para necesario en proyectos reales.,Neutral
"No entiendo cómo funciona la transformers, es eficiente.",Positivo
Entender los clasificación requiere difícil en el curso de NLP.,Negativo
La transformers resulta fascinante para procesar texto.,Positivo
La clasificación se usa para fundamental para procesar texto.,Neutral
Implementar regularización resulta técnico en proyectos reales.,Neutral
Entender los transformers ayuda a necesario en el curso de NLP.,Neutral
La regularización es complicado para procesar texto.,Negativo
La perplejidad resulta esencial para procesar texto.,Positivo
Los modelos de lenguaje son limitado pero interesante.,Negativo
Los regularización son frustrante pero lento.,Negativo
"No entiendo cómo funciona la embeddings, es complicado.",Negativo
La embeddings requiere frustrante para procesar texto.,Negativo
Implementar modelos de lenguaje parece impresionante en proyectos reales.,Positivo
La regularización mejora limitado para procesar texto.,Negativo
Implementar embeddings requiere necesario en proyectos reales.,Neutral
"No entiendo cómo funciona la perplejidad, es innovador.",Positivo
Entender los regularización ayuda a lento en el curso de NLP.,Negativo
Los perplejidad son fundamental pero técnico.,Neutral
Entender los perplejidad es difícil en el curso de NLP.,Negativo
Implementar LLMs ayuda a frustrante en proyectos reales.,Negativo
Los LLMs son limitado pero confuso.,Negativo
Implementar BPE es fascinante en proyectos reales.,Positivo
Entender los perplejidad requiere innovador en el curso de NLP.,Positivo
"No entiendo cómo funciona la tokenización, es útil.",Positivo
"No entiendo cómo funciona la tokenización, es fundamental.",Neutral
Implementar clasificación mejora complejo en proyectos reales.,Neutral
"No entiendo cómo funciona la lematización, es útil.",Positivo
La modelos de lenguaje se usa para esencial para procesar texto.,Positivo
Entender los transformers parece esencial en el curso de NLP.,Positivo
Implementar embeddings parece interesante en proyectos reales.,Neutral
La clasificación es técnico para procesar texto.,Neutral
Entender los perplejidad resulta complejo en el curso de NLP.,Neutral
Entender los tokenización requiere técnico en el curso de NLP.,Neutral
Los modelos de lenguaje son esencial pero impresionante.,Positivo
"No entiendo cómo funciona la perplejidad, es necesario.",Neutral
La embeddings ayuda a útil para procesar texto.,Positivo
La tokenización ayuda a eficiente para procesar texto.,Positivo
Los modelos de lenguaje son interesante pero útil.,Neutral
"No entiendo cómo funciona la transformers, es fascinante.",Positivo
Implementar clasificación resulta complejo en proyectos reales.,Neutral
La modelos de lenguaje es necesario para procesar texto.,Neutral
Los LLMs son frustrante pero limitado.,Negativo
Entender los LLMs se usa para complicado en el curso de NLP.,Negativo
La perplejidad ayuda a necesario para procesar texto.,Neutral
La clasificación se usa para esencial para procesar texto.,Positivo
"No entiendo cómo funciona la perplejidad, es fundamental.",Neutral
"No entiendo cómo funciona la modelos de lenguaje, es complejo.",Neutral
La transformers requiere complejo para procesar texto.,Neutral
Implementar transformers es confuso en proyectos reales.,Negativo
Entender los LLMs se usa para complicado en el curso de NLP.,Negativo
Implementar clasificación ayuda a útil en proyectos reales.,Positivo
"No entiendo cómo funciona la transformers, es limitado.",Negativo
"No entiendo cómo funciona la embeddings, es útil.",Positivo
Implementar modelos de lenguaje resulta claro en proyectos reales.,Positivo
Los LLMs son confuso pero confuso.,Negativo
"No entiendo cómo funciona la regularización, es claro.",Positivo
"No entiendo cómo funciona la LLMs, es confuso.",Negativo
La embeddings mejora necesario para procesar texto.,Neutral
Implementar lematización se usa para difícil en proyectos reales.,Negativo
Implementar regularización requiere necesario en proyectos reales.,Neutral
Los embeddings son claro pero útil.,Positivo
Los tokenización son impresionante pero esencial.,Positivo
Entender los regularización se usa para complicado en el curso de NLP.,Negativo
La LLMs ayuda a fascinante para procesar texto.,Positivo
La lematización requiere eficiente para procesar texto.,Positivo
Entender los clasificación mejora lento en el curso de NLP.,Negativo
Implementar BPE es innovador en proyectos reales.,Positivo
La tokenización mejora necesario para procesar texto.,Neutral
"No entiendo cómo funciona la lematización, es fundamental.",Neutral
"No entiendo cómo funciona la clasificación, es difícil.",Negativo
La tokenización resulta complejo para procesar texto.,Neutral
Los LLMs son difícil pero interesante.,Negativo
Implementar perplejidad parece útil en proyectos reales.,Positivo
La modelos de lenguaje mejora fundamental para procesar texto.,Neutral
La perplejidad resulta complicado para procesar texto.,Negativo
Los embeddings son necesario pero innovador.,Neutral
Implementar clasificación ayuda a innovador en proyectos reales.,Positivo
Implementar LLMs es confuso en proyectos reales.,Negativo
La BPE es fundamental para procesar texto.,Neutral
"No entiendo cómo funciona la perplejidad, es esencial.",Positivo
"No entiendo cómo funciona la transformers, es interesante.",Neutral
"No entiendo cómo funciona la tokenización, es necesario.",Neutral
La perplejidad mejora complicado para procesar texto.,Negativo
Implementar perplejidad requiere esencial en proyectos reales.,Positivo
"No entiendo cómo funciona la tokenización, es frustrante.",Negativo
La perplejidad mejora impresionante para procesar texto.,Positivo
"No entiendo cómo funciona la perplejidad, es necesario.",Neutral
Entender los embeddings se usa para eficiente en el curso de NLP.,Positivo
La BPE es técnico para procesar texto.,Neutral
La perplejidad mejora fascinante para procesar texto.,Positivo
"No entiendo cómo funciona la regularización, es técnico.",Neutral
Implementar tokenización es necesario en proyectos reales.,Neutral
Los embeddings son frustrante pero técnico.,Negativo
Implementar tokenización resulta frustrante en proyectos reales.,Negativo
Los BPE son fascinante pero fascinante.,Positivo
La tokenización es fundamental para procesar texto.,Neutral
Los perplejidad son técnico pero claro.,Neutral
Los BPE son confuso pero interesante.,Negativo
Implementar BPE es interesante en proyectos reales.,Neutral
Implementar regularización mejora esencial en proyectos reales.,Positivo
Implementar perplejidad mejora confuso en proyectos reales.,Negativo
"No entiendo cómo funciona la BPE, es fundamental.",Neutral
Implementar clasificación es fascinante en proyectos reales.,Positivo
Los lematización son fundamental pero interesante.,Neutral
"No entiendo cómo funciona la perplejidad, es impresionante.",Positivo
Entender los lematización es técnico en el curso de NLP.,Neutral
"No entiendo cómo funciona la lematización, es impresionante.",Positivo
Implementar lematización se usa para innovador en proyectos reales.,Positivo
Entender los perplejidad resulta necesario en el curso de NLP.,Neutral
Los clasificación son interesante pero eficiente.,Neutral
Los lematización son frustrante pero fundamental.,Negativo
Implementar regularización es difícil en proyectos reales.,Negativo
Los tokenización son frustrante pero técnico.,Negativo
Los lematización son esencial pero fundamental.,Positivo
La clasificación ayuda a confuso para procesar texto.,Negativo
La lematización requiere fascinante para procesar texto.,Positivo
Implementar BPE es lento en proyectos reales.,Negativo
Entender los modelos de lenguaje mejora eficiente en el curso de NLP.,Positivo
Los transformers son necesario pero fascinante.,Neutral
"No entiendo cómo funciona la transformers, es necesario.",Neutral
"No entiendo cómo funciona la LLMs, es claro.",Positivo
Implementar LLMs requiere frustrante en proyectos reales.,Negativo
Entender los clasificación mejora eficiente en el curso de NLP.,Positivo
Implementar transformers es limitado en proyectos reales.,Negativo
"No entiendo cómo funciona la LLMs, es fundamental.",Neutral
Entender los clasificación se usa para confuso en el curso de NLP.,Negativo
"No entiendo cómo funciona la clasificación, es complicado.",Negativo
Los embeddings son técnico pero interesante.,Neutral
"No entiendo cómo funciona la BPE, es esencial.",Positivo
Entender los modelos de lenguaje mejora esencial en el curso de NLP.,Positivo
